SinchManufacturerID|ManufacturerName|ThumbImageUrl
1|HP|http://images.stockinthechannel.com/pic/9p-TWV2FiUmy6Oou48GM3A.c-t.jpg
2|Toshiba|http://images.stockinthechannel.com/pic/rSrXgYGBE0ex_ncjVh-lwQ.c-t.jpg
3|IBM|http://images.stockinthechannel.com/pic/g6kwfKx55ECTeJQgJ9kLEw.c-t.jpg
4|Sony|http://images.stockinthechannel.com/pic/2Fe3ZmM_6EatffERN4CTVw.c-t.jpg
5|3com|http://images.stockinthechannel.com/pic/e1p5BRJgrkC0ueI1EpjP0g.c-t.jpg
6|Acer|http://images.stockinthechannel.com/pic/ieTLSrPqD0-gPcndzQ0J5w.c-t.jpg
7|Adobe|http://images.stockinthechannel.com/pic/wiA0EXSdMkGEQC-8-XPelg.c-t.jpg
8|Apple|http://images.stockinthechannel.com/pic/sS5FzSG4RUWxVmbwITUvxQ.c-t.jpg
9|Canon|http://images.stockinthechannel.com/pic/mCwpRr-bPUK5NzGZXsbzeA.c-t.jpg
10|Cisco|http://images.stockinthechannel.com/pic/9zpxLVTrbkW7CGpOfqGO0Q.c-t.jpg
11|Epson|http://images.stockinthechannel.com/pic/YEf7S3Xp4k6IAmy-1lKnXQ.c-t.jpg
12|Freecom|http://images.stockinthechannel.com/pic/m9nAJinRF02rvIl5dAC_oA.c-t.jpg
13|Fujitsu|http://images.stockinthechannel.com/pic/8JhipXMxe0Oz63VnJ93Wxg.c-t.jpg
15|Iomega|http://images.stockinthechannel.com/pic/4Lxz-0GSn0yVVPJJ4YVWGw.c-t.jpg
16|Kingston Technology|http://images.stockinthechannel.com/pic/IjCsTYBfrES7WI4hUq1boA.c-t.jpg
17|Kyocera|http://images.stockinthechannel.com/pic/eae-hes5WEq6rcdXoYH0iw.c-t.jpg
18|Lexmark|http://images.stockinthechannel.com/pic/zx-kWvvf1UGp7cbBz4knxg.c-t.jpg
20|Konica Minolta|http://images.stockinthechannel.com/pic/G1f8xSoyr0G4eALztOYZvg.c-t.jpg
21|Oki|http://images.stockinthechannel.com/pic/zR_9xuJ_h0Oqll8C9a0PcQ.c-t.jpg
22|Packard Bell|http://images.stockinthechannel.com/pic/v56eO4kcUkWM_9OlS0hxBA.c-t.jpg
23|Philips|http://images.stockinthechannel.com/pic/8SqwdOT0AEy_-5fHHzrquA.c-t.jpg
24|Samsung|http://images.stockinthechannel.com/pic/9-dhNkRXOEudDKbqUWsoEg.c-t.jpg
25|Seagate|http://images.stockinthechannel.com/pic/eoOEdNjH5ka75d5UK0PE7Q.c-t.jpg
27|Western digital|http://images.stockinthechannel.com/pic/RbsZKMaR-EuUNKzT-UTGIg.c-t.jpg
28|Xerox|http://images.stockinthechannel.com/pic/cxWJYkKDrUCnnO6PIroNuQ.c-t.jpg
29|Pinnacle|http://images.stockinthechannel.com/pic/77Shp9YCzkSUuFCZsG-gLg.c-t.jpg
30|Belkin|http://images.stockinthechannel.com/pic/0x5qRUxDQE-BTCy7EuuSeA.c-t.jpg
31|APC|http://images.stockinthechannel.com/pic/1urizMcIDk-9i-Nw3D-A_g.c-t.jpg
35|Filemaker|http://images.stockinthechannel.com/pic/MEsZkvz0c0KcX-Kro0_1FQ.c-t.jpg
41|US Robotics|http://images.stockinthechannel.com/pic/wutYEiwwQ0qeKVkZdJ--TQ.c-t.jpg
42|Eicon|http://images.stockinthechannel.com/pic/8yLxRDwTtEih1cCk5j4xGQ.c-t.jpg
43|Creative Labs|http://images.stockinthechannel.com/pic/kqOOuPdWNEuRpdWVceRR5Q.c-t.jpg
45|Roxio|http://images.stockinthechannel.com/pic/7Yb5Mm47AU2RaMWLvO4dkw.c-t.jpg
47|Allied Telesis|http://images.stockinthechannel.com/pic/AyIisLlCokmXj8JnoGRf-A.c-t.jpg
48|Adaptec|http://images.stockinthechannel.com/pic/JqatHhCE7kiJvwWO2W8xtg.c-t.jpg
49|AgfaPhoto|http://images.stockinthechannel.com/pic/gL6T-2gKU02GTipSIsCAKg.c-t.jpg
53|Axis|http://images.stockinthechannel.com/pic/DwSBT_qYq0eTZfkYeMJc2w.c-t.jpg
54|Benq|http://images.stockinthechannel.com/pic/cFM0SXuiTU-Q68yaLKdVVA.c-t.jpg
56|CA|http://images.stockinthechannel.com/pic/UXXK7WHHK0mvYz35At_DIw.c-t.jpg
58|Corel|http://images.stockinthechannel.com/pic/hHbHNXjyu0iKPk3DpgW8rQ.c-t.jpg
60|D-link|http://images.stockinthechannel.com/pic/RfkngapXz0-Uwni-d012RQ.c-t.jpg
66|Eizo|http://images.stockinthechannel.com/pic/h70D0mAlm0ynE-OskKlsEw.c-t.jpg
71|Fellowes|http://images.stockinthechannel.com/pic/eZ0Iug1mgEOdoFjiIiZ2fw.c-t.jpg
72|Fujifilm|http://images.stockinthechannel.com/pic/0kOzNu_fxkae9ZgRA9MfuQ.c-t.jpg
74|Hercules|http://images.stockinthechannel.com/pic/ONC8FjuX2ky0n1ksOhwaKg.c-t.jpg
76|iiyama|http://images.stockinthechannel.com/pic/oXwIC2b_VUuUPzs8sGMYRg.c-t.jpg
77|Imation|http://images.stockinthechannel.com/pic/rB1qNsCGKkiYalUOzGZJ-g.c-t.jpg
79|Infocus|http://images.stockinthechannel.com/pic/0G4KScqizkGGoUhRMjPjXw.c-t.jpg
80|Intel|http://images.stockinthechannel.com/pic/xOTqxYyWSUi9AJQZgwIahA.c-t.jpg
81|Kensington|http://images.stockinthechannel.com/pic/7uVGX31NO0eMC7Dh5C0KBw.c-t.jpg
82|Kodak|http://images.stockinthechannel.com/pic/uGDHBEaEOUWcHpINp64eZw.c-t.jpg
84|Lite-On|http://images.stockinthechannel.com/pic/X1fH58-R90KRF2v4ct-yOg.c-t.jpg
85|Logitech|http://images.stockinthechannel.com/pic/NzWvRNcqI0mTBdnk8800VQ.c-t.jpg
87|Magix|http://images.stockinthechannel.com/pic/fP-PkUr1r0GHgABHlH-e6g.c-t.jpg
90|Maxell|http://images.stockinthechannel.com/pic/s4cZLtrW0EWBff50YmzOIw.c-t.jpg
92|Microsoft|http://images.stockinthechannel.com/pic/yCyideKB4U2_X_QeQYpXhA.c-t.jpg
94|Nashua|http://images.stockinthechannel.com/pic/Gj9LuAgtR0mSfiDyuFlgUg.c-t.jpg
95|NEC|http://images.stockinthechannel.com/pic/vPYoQ0p2F0ek7qH40rD7nA.c-t.jpg
96|Netgear|http://images.stockinthechannel.com/pic/8RTKPI1ztkONSDm4TOZmmw.c-t.jpg
97|McAfee|http://images.stockinthechannel.com/pic/Qs23O0AFH0u5okux_-_Vag.c-t.jpg
98|Nokia|http://images.stockinthechannel.com/pic/Ao1p6dMvU06XWccBqGDT9A.c-t.jpg
100|O2|http://images.stockinthechannel.com/pic/FDmymHPWrkmhfrHPjCUDhQ.c-t.jpg
101|Olivetti|http://images.stockinthechannel.com/pic/ey8YWKxuUkqCrIng7Uxs1Q.c-t.jpg
104|Panda|http://images.stockinthechannel.com/pic/tG-9pvxjAki1vnrDa75r8g.c-t.jpg
105|Pioneer|http://images.stockinthechannel.com/pic/7dy6pDyO8kywXROzmGj_3Q.c-t.jpg
106|Plextor|http://images.stockinthechannel.com/pic/GQq1j58DeUi_YfOjwMB6Gg.c-t.jpg
108|Psion|http://images.stockinthechannel.com/pic/u4O_XgBXx0q-1CzZ8H_5Iw.c-t.jpg
110|Quantum|http://images.stockinthechannel.com/pic/ELrG-kW-tUmdZ4-u0ZDpiA.c-t.jpg
113|Sage Software|http://images.stockinthechannel.com/pic/68KA_ZnBEkuJ2XRM4mEw_A.c-t.jpg
119|Symantec|http://images.stockinthechannel.com/pic/XyB0eiC0jUavB-u0tDmIlQ.c-t.jpg
120|Targus|http://images.stockinthechannel.com/pic/vycIVX-9Vkav6C-K0X11gw.c-t.jpg
121|Tektronix|
122|Terratec|http://images.stockinthechannel.com/pic/j-AZt5JBv0iC1T70c-IEDA.c-t.jpg
123|Thrustmaster|http://images.stockinthechannel.com/pic/eVHHgfMOn0eqxBGFV0C84Q.c-t.jpg
127|Trend Micro|http://images.stockinthechannel.com/pic/q0KBOXhge0apma3JWhpTvA.c-t.jpg
129|V7|http://images.stockinthechannel.com/pic/5cmMvI6Jv0a9m4LXEm4gHw.c-t.jpg
131|Viking|
133|Citrix|http://images.stockinthechannel.com/pic/EJACLdwgOE69jmAg3jFp7Q.c-t.jpg
136|Esselte|http://images.stockinthechannel.com/pic/4mK4kT0ie0OcPppyEq0WWA.c-t.jpg
138|Acco|http://images.stockinthechannel.com/pic/4TQoh-qO7U-9s1cTvBhKMg.c-t.jpg
145|Trident|
151|Griffin|http://images.stockinthechannel.com/pic/ztfZBwcpjE2q2OUZMNrHCg.c-t.jpg
152|Asus|http://images.stockinthechannel.com/pic/hkA1mbUg_Ue56aeB3Uxe3g.c-t.jpg
155|Buffalo|http://images.stockinthechannel.com/pic/ZKue7DyXAkWz93LfKWb-QA.c-t.jpg
158|Sagem|http://images.stockinthechannel.com/pic/-rilRNz1Ik-e_3V_DtU_tA.c-t.jpg
160|Hitachi|http://images.stockinthechannel.com/pic/mqoSkZhC2EiE_eosb6Kk4Q.c-t.jpg
163|Autodesk|http://images.stockinthechannel.com/pic/FW5YSFWrukOWt_SYNp4oWg.c-t.jpg
164|TomTom|http://images.stockinthechannel.com/pic/qAypzieYwkyqSgxcVV0l_w.c-t.jpg
165|Texas Instruments|http://images.stockinthechannel.com/pic/AKeGrw9RhEqdCKlKkHMhYQ.c-t.jpg
167|Sun|http://images.stockinthechannel.com/pic/LSQ-CBfBsU61D0U_VXoksA.c-t.jpg
170|Antec|http://images.stockinthechannel.com/pic/CnxU3MeM5EuAutmNpJAFJA.c-t.jpg
172|Wasp|
173|Avocent|http://images.stockinthechannel.com/pic/4qmBK4cnAkqjGjhRe3huGg.c-t.jpg
174|Sigma|http://images.stockinthechannel.com/pic/udqrczxwfESLGy22VmVR4w.c-t.jpg
175|Conceptronic|http://images.stockinthechannel.com/pic/ukBd0fawa0-VRZ8PSh-IBA.c-t.jpg
176|VMware|http://images.stockinthechannel.com/pic/kifqk1IDKUOZ1eu1odsKvQ.c-t.jpg
177|Wacom|http://images.stockinthechannel.com/pic/w076XX6BmE64XsQaQzs24Q.c-t.jpg
178|Brother|http://images.stockinthechannel.com/pic/a8f6rssgLEqHt-ziDlKv4A.c-t.jpg
180|Siemens|http://images.stockinthechannel.com/pic/_H7IYBVzr0SIzEoqhRUlrg.c-t.jpg
181|Sharp|http://images.stockinthechannel.com/pic/7_iw3zIZs0aTnLarO6E0OA.c-t.jpg
184|Jabra|http://images.stockinthechannel.com/pic/d94VeDWp90SHEVp1ggrrnw.c-t.jpg
185|Linksys|http://images.stockinthechannel.com/pic/zwhL-cj1mECInbsD4r3afQ.c-t.jpg
190|Garmin|http://images.stockinthechannel.com/pic/L3CAHkKMXy2a5hvZiwh1zQ.c-t.png
193|XFX|http://images.stockinthechannel.com/pic/t_jrB0E2dkmYzvTPjdJAnw.c-t.jpg
194|3M|http://images.stockinthechannel.com/pic/vVm_TVjnnEqwesXGmUnuKg.c-t.jpg
195|Alcatel|http://images.stockinthechannel.com/pic/IBCBHTJkZUmVOz4kxXcoCw.c-t.jpg
198|Antalis|http://images.stockinthechannel.com/pic/Gn8-DE0fy02LJiS-t7_rFg.c-t.jpg
199|Aopen|http://images.stockinthechannel.com/pic/kmZTtIfn60-_WAw_JLv5og.c-t.jpg
208|Cherry|http://images.stockinthechannel.com/pic/4Ia6bUu-Wku3STHE0ifkQg.c-t.jpg
210|Digital|
212|Genicom|http://images.stockinthechannel.com/pic/_luHKm8z1EWFzuvy5LyVdw.c-t.jpg
214|GP Batteries|http://images.stockinthechannel.com/pic/_A6ea5jdekyjKF2orajEVQ.c-t.jpg
215|Lucent|http://images.stockinthechannel.com/pic/Wtp2simyu0e2rZcZWHeACA.c-t.jpg
218|Sapphire|http://images.stockinthechannel.com/pic/qAOHFpKUXU-j4pwwdgJc8w.c-t.jpg
220|Storage Tek|http://images.stockinthechannel.com/pic/qyeVU33jKESp40gkKLLNSw.c-t.jpg
222|WatchGuard|http://images.stockinthechannel.com/pic/S8BAfFf73kap6NfAYbhBgQ.c-t.jpg
223|Exabyte|http://images.stockinthechannel.com/pic/YzYxQPmkqEKP8zyk5o5ceQ.c-t.jpg
224|Hyundai|http://images.stockinthechannel.com/pic/8-7WZOhcA06d2FJaENzBxw.c-t.jpg
229|Option|
231|Trust|http://images.stockinthechannel.com/pic/0C1nZVzyjk-F7GibY7aqSw.c-t.jpg
232|Varta|http://images.stockinthechannel.com/pic/7aQ9sbKmjE6qcuHCeaI8Kg.c-t.jpg
233|Viewsonic|http://images.stockinthechannel.com/pic/lvt29NCwG0iG3PE9rbmY4g.c-t.jpg
234|Transcend|http://images.stockinthechannel.com/pic/t_EO0wYfQE6LRBnlEf0aKw.c-t.jpg
236|TDK|http://images.stockinthechannel.com/pic/gRHtVpAaaUeKoXX5FtDwQg.c-t.jpg
237|TEAC|http://images.stockinthechannel.com/pic/M6DRMTbwXkaZRgOACmsYsQ.c-t.jpg
238|Supermicro|http://images.stockinthechannel.com/pic/QbHjFAdW8keob833kzj2Rg.c-t.jpg
242|Sandisk|http://images.stockinthechannel.com/pic/guwsppy4_EaYoXHjNm3Pcw.c-t.jpg
244|Raritan|http://images.stockinthechannel.com/pic/AqRHWRLgF0SlvxBEZ0JFDg.c-t.jpg
245|Rittal|
246|Pentax|
248|Panasonic|http://images.stockinthechannel.com/pic/D8wxa7NWCkq_fTI3kF1HOw.c-t.jpg
250|Olympus|http://images.stockinthechannel.com/pic/EZOMIsgFp0K9n6MzCDtR9Q.c-t.jpg
257|Lantronix|
259|Macally|http://images.stockinthechannel.com/pic/ynfrjVMkIEWy6en23Ji12A.c-t.jpg
260|Matrox|http://images.stockinthechannel.com/pic/rGOdo_bxq0SMUvy04bkxdQ.c-t.jpg
263|MSI|http://images.stockinthechannel.com/pic/KRrWZpPVp0mjZTjSCYluDA.c-t.jpg
266|Nikon|http://images.stockinthechannel.com/pic/FTbdCQ4n3UCv3P72pmR7xg.c-t.jpg
267|Nortel|http://images.stockinthechannel.com/pic/CUYTLfyN5E6tfqxqGQEy6w.c-t.jpg
270|Casio|http://images.stockinthechannel.com/pic/wj7pN4uwVEWhFbS2bq1tiw.c-t.jpg
271|Navman|http://images.stockinthechannel.com/pic/lcXOCzuekUOCM8-uWSKacA.c-t.jpg
275|Newstar|http://images.stockinthechannel.com/pic/6JcpfLUBuESoaKLRbfAOjg.c-t.jpg
276|Vodafone|http://images.stockinthechannel.com/pic/dDwuDyntU0yjamvsCOJ9vw.c-t.jpg
277|DELL|http://images.stockinthechannel.com/pic/bfd97z1AM0COT7HduFprgw.c-t.jpg
278|LG|http://images.stockinthechannel.com/pic/2Oyw7cnYgUqUwaChIuH0pw.c-t.jpg
279|Kaspersky Lab|http://images.stockinthechannel.com/pic/FrK-iNNthk-SyRle9umakQ.c-t.jpg
280|Red Hat|http://images.stockinthechannel.com/pic/DQh3Da0o_Ei7o7KzQY-Nsg.c-t.jpg
281|CLUB3D|http://images.stockinthechannel.com/pic/6GIq7jy0UEiMmvL8YQOk9A.c-t.jpg
282|3L|
284|AF|
294|BIC|http://images.stockinthechannel.com/pic/5rhJUNJXa0KXCqPGrMuvVw.c-t.jpg
300|Bostik|http://images.stockinthechannel.com/pic/wJfI3j5kl0uNrQmTHpEO9Q.c-t.jpg
301|Bostitch|http://images.stockinthechannel.com/pic/bIqQmFKLwUKhgHpMGBCG5g.c-t.jpg
316|Devolo|http://images.stockinthechannel.com/pic/2ezlu91wEka7R6y0DxjmOw.c-t.jpg
317|Digitus|http://images.stockinthechannel.com/pic/9pvsYpRJYEmQx6-FyAQyPQ.c-t.jpg
322|Durable|http://images.stockinthechannel.com/pic/TNpS7js6aUaOcAzMJvCFxQ.c-t.jpg
323|Duracell|http://images.stockinthechannel.com/pic/xinLh04rAEWYMqcGklmcyQ.c-t.jpg
326|Edding|http://images.stockinthechannel.com/pic/vSzK0JUAlUeX_-8A9Si40w.c-t.jpg
329|Ergotron|http://images.stockinthechannel.com/pic/oLWO_Y6sOEWEDHetslJF1w.c-t.jpg
335|Herma|
336|Hermes|
344|Leitz|
346|Logic|
353|Motorola|http://images.stockinthechannel.com/pic/TG2w-nXuZUmZc9ni0Rwxew.c-t.jpg
363|Papermate|http://images.stockinthechannel.com/pic/pUC3rZWN90OPLYr1EzKcTw.c-t.jpg
364|Parker|http://images.stockinthechannel.com/pic/xO_D2q11D02CxqEO2ZqoXg.c-t.jpg
366|Pelikan|http://images.stockinthechannel.com/pic/J3IkxXyjSEmYMLoDrWG9nA.c-t.jpg
367|Pentel|http://images.stockinthechannel.com/pic/V3r3C8eNt0SDvspLgPRW1w.c-t.jpg
369|Pilot|http://images.stockinthechannel.com/pic/eTw-3TvMhUWvxSzI_AS_NQ.c-t.jpg
370|Plantronics|http://images.stockinthechannel.com/pic/C8q9CPI7-UK8EGRYaOU1Ug.c-t.jpg
372|Printronix|
373|Pritt|http://images.stockinthechannel.com/pic/JTOSJuRjdUGygy4gh3aDow.c-t.jpg
376|Ricoh|http://images.stockinthechannel.com/pic/mZgEUwkFUU6P65LjZD9XQA.c-t.jpg
383|Samsonite|http://images.stockinthechannel.com/pic/C1Yroh6VXku6nzFO81ElOQ.c-t.jpg
384|Stabilo|http://images.stockinthechannel.com/pic/zIKRye2mqUq_SDdWHhTJqg.c-t.jpg
386|Sellotape|http://images.stockinthechannel.com/pic/hN7kE08BhkuNQx_cmI-GQg.c-t.jpg
388|Sitecom|http://images.stockinthechannel.com/pic/4AHZuZyYiUSBgzr3EFKnkg.c-t.jpg
394|TV STAR|
398|TESA|
399|TIPP-EX|
413|ZyXEL|http://images.stockinthechannel.com/pic/3NDrs6CFckiiE2mVPR06ew.c-t.jpg
414|In Win|
415|Lowepro|
417|Lexar|http://images.stockinthechannel.com/pic/W1OrI03OwkmiYK1aSLWRWQ.c-t.jpg
420|Projecta|http://images.stockinthechannel.com/pic/i6-RpXtEx0G5yABmb0rZig.c-t.jpg
421|LaCie|http://images.stockinthechannel.com/pic/r2nLDk224UGrmmQ6S1cJkQ.c-t.jpg
424|Ilford|
431|Nanya|http://images.stockinthechannel.com/pic/XSnxAMnFSU2OlBBjUBbveA.c-t.jpg
432|I.R.I.S.|http://images.stockinthechannel.com/pic/qpfrOoSBKEWkh12-aGJjvA.c-t.jpg
435|3D|
449|Berol|http://images.stockinthechannel.com/pic/s3u9XYZyPEqCNkbNPsbExw.c-t.jpg
453|Braun|http://images.stockinthechannel.com/pic/JZT6fPL_X0Oy_wJQOtO5XQ.c-t.jpg
466|Coca-Cola|http://images.stockinthechannel.com/pic/YoDszL8YbEyuFrt1D9IB5Q.c-t.jpg
469|Color Copy|http://images.stockinthechannel.com/pic/SJm9HHHMZUWhJT93fukjHw.c-t.jpg
474|Delta|http://images.stockinthechannel.com/pic/sTmNb3IvMkixGrS_YU31wA.c-t.jpg
476|Dove|http://images.stockinthechannel.com/pic/VYdYijY4vEO8Byab_DmxJA.c-t.jpg
487|Exacompta|http://images.stockinthechannel.com/pic/LebZTrIyUUC-YyW3WxmN4w.c-t.jpg
508|Grundig|http://images.stockinthechannel.com/pic/SFiTvh27IE27esKlE2oYRg.c-t.jpg
525|Jalema|http://images.stockinthechannel.com/pic/WgCsVVAQw0eEhxMwr-t6pQ.c-t.jpg
529|Kimberly Clark|http://images.stockinthechannel.com/pic/4aHWb2Vs5Eiic2XSuht71g.c-t.jpg
533|Kores|http://images.stockinthechannel.com/pic/f3pBvPHAoEOUREGq84nIbA.c-t.jpg
564|NCR|http://images.stockinthechannel.com/pic/s_xbJ9J060ayFK_FeBtPTw.c-t.jpg
566|Nestle|http://images.stockinthechannel.com/pic/AlBuaJQYsku5A1p9Ck6sIw.c-t.jpg
568|Nobo|http://images.stockinthechannel.com/pic/UXq3hFpyqEq4_CPB4emOog.c-t.jpg
572|Oce|http://images.stockinthechannel.com/pic/UuVSg2r7Okq6Rs45Vm-J8Q.c-t.jpg
576|Elba|http://images.stockinthechannel.com/pic/ujXYTfd2bUOci1DTb-yXhg.c-t.jpg
587|Polaroid|http://images.stockinthechannel.com/pic/3qDf72RS60SBoTn9mm1CDA.c-t.jpg
593|Rexel|http://images.stockinthechannel.com/pic/BVYb3cF6SkGPmumGZQcfhA.c-t.jpg
604|Schneider|http://images.stockinthechannel.com/pic/7NX5OvxbY02rxpQohd7V2g.c-t.jpg
633|Trodat|http://images.stockinthechannel.com/pic/Mdj0UzkrTUuXq59UO_zgqg.c-t.jpg
635|Tyvek|http://images.stockinthechannel.com/pic/1cQ6d9fRREW3QsoxaqOohw.c-t.jpg
643|Verbatim|http://images.stockinthechannel.com/pic/YIlE2QAjb0q-kGdFyZqIXA.c-t.jpg
644|Visioneer|http://images.stockinthechannel.com/pic/bbGaQ4RqpUOL5te8KQtsrQ.c-t.jpg
649|Zenith|
651|MicroStorage|http://images.stockinthechannel.com/pic/DYlheBQZbUSGT66Lj_3Ybw.c-t.jpg
652|MicroMemory|http://images.stockinthechannel.com/pic/W9g0p7d83kio8C8oPXorfQ.c-t.jpg
653|MicroBattery|http://images.stockinthechannel.com/pic/EjrE-cAwKkKYZjk3KG_FCA.c-t.jpg
660|AMD|http://images.stockinthechannel.com/pic/fi6YFKbyl0SSmtRZTwzZnQ.c-t.jpg
661|Archos|http://images.stockinthechannel.com/pic/kONqTxF8xkq4PinmAUvLpg.c-t.jpg
662|Asrock|http://images.stockinthechannel.com/pic/xbgoFpmSHEW0ri-hhscMmQ.c-t.jpg
663|Chieftec|http://images.stockinthechannel.com/pic/mwYEaqW2kUeX4rMA8iFmMg.c-t.jpg
664|Cooler Master|http://images.stockinthechannel.com/pic/fOwxT16AjEyoLW9uAzBb0g.c-t.jpg
666|HIS|http://images.stockinthechannel.com/pic/t5WaRuA5KESfTviX07Gkiw.c-t.jpg
668|Longshine|http://images.stockinthechannel.com/pic/sIfTaEWvGU2RFZANO2F7xw.c-t.jpg
670|AG Neovo|http://images.stockinthechannel.com/pic/sehCAkrwEUOYmEm0PELZVA.c-t.jpg
672|Shuttle|http://images.stockinthechannel.com/pic/LdFgjv9fiU6MfJagt2OevQ.c-t.jpg
675|Nvidia|http://images.stockinthechannel.com/pic/-BfA_EHdu0mN30_dbBJc3A.c-t.jpg
676|Sweex|http://images.stockinthechannel.com/pic/21fDxVdUP0edgTfz4CTEfQ.c-t.jpg
677|takeMS|http://images.stockinthechannel.com/pic/FDvRQZSIZUS7t61q7mdGWg.c-t.jpg
679|Hauppauge|http://images.stockinthechannel.com/pic/rBoNsX4q1UWQVUztdr7Y5A.c-t.jpg
681|Spire|http://images.stockinthechannel.com/pic/8mGOEJ1gEEWYSQu_p712tQ.c-t.jpg
685|Vogel's|http://images.stockinthechannel.com/pic/ZIsPAY0aqEyn0zFuhHGlxA.c-t.jpg
689|Compucase|http://images.stockinthechannel.com/pic/S4SfwYAytEOg2FcsH_iFEw.c-t.jpg
690|Cyberlink|http://images.stockinthechannel.com/pic/vOOLWCU62kSQYzGoo0NR0Q.c-t.jpg
691|Nexus|http://images.stockinthechannel.com/pic/F9IJhqH47UifX_xIC7BiyA.c-t.jpg
696|Post-It|http://images.stockinthechannel.com/pic/MgnbZptkrE2YAgOPKcx9HA.c-t.jpg
701|Lenovo|http://images.stockinthechannel.com/pic/vO4nXWjuiEuet7_f0bBU_w.c-t.jpg
708|Zalman|http://images.stockinthechannel.com/pic/mR3GcnsZy0iVVAjMZorV9w.c-t.jpg
710|Gembird|http://images.stockinthechannel.com/pic/swoJGvRh80yusiElsS01Sw.c-t.jpg
712|Gigabyte|http://images.stockinthechannel.com/pic/wG9O2mykLkusU1oYC0GI5Q.c-t.jpg
718|Canyon|http://images.stockinthechannel.com/pic/NAdmcc1RgkmkegZWJXgeUw.c-t.jpg
719|Dicota|http://images.stockinthechannel.com/pic/Gso8_2r49Eaxn_gMjQj0NQ.c-t.jpg
722|Saitek|http://images.stockinthechannel.com/pic/-tqU0BcvekWEFGhccDfA0A.c-t.jpg
723|Dane-Elec|http://images.stockinthechannel.com/pic/8U4ql1_FoEu-Y_V77PP0Yg.c-t.jpg
725|Intenso|
726|Bosch|http://images.stockinthechannel.com/pic/__MaUwL9NkSHdjJbo4TJqw.c-t.jpg
729|JVC|http://images.stockinthechannel.com/pic/lPhLQKVEEUm1BhXdFmqLBA.c-t.jpg
730|Sanyo|http://images.stockinthechannel.com/pic/-aTCgLuBt0uCnq5vDcq_oA.c-t.jpg
738|Elonex|http://images.stockinthechannel.com/pic/JXG2hrS8FUuUxtRzo0siIA.c-t.jpg
741|Infinity|
742|JBL|http://images.stockinthechannel.com/pic/rFvae6bwBkqcwEDNUxktKA.c-t.jpg
753|Thomson|
766|Emtec|http://images.stockinthechannel.com/pic/YgaKSCgM2Uul5fKVdRCDwg.c-t.jpg
771|Kleenex|
777|Scotch|http://images.stockinthechannel.com/pic/djFBf-3RL0CRTbPe5Fdr1Q.c-t.jpg
779|BTI|http://images.stockinthechannel.com/pic/hE8DooMP8ka_I_GIP7tdJA.c-t.jpg
782|Contour Design|
784|Draytek|http://images.stockinthechannel.com/pic/6h3m9B_MPki6bGuylxp2xg.c-t.jpg
787|Elgato|http://images.stockinthechannel.com/pic/AlsuqQl__EmP58ih2rIl1Q.c-t.jpg
803|Logic3|http://images.stockinthechannel.com/pic/e_o3rtt7OCWmiJ_4ohpILw.c-t.png
820|Tucano|
835|GBC|
840|Aiptek|http://images.stockinthechannel.com/pic/766pTembL0GPMR5ZBIVWwQ.c-t.jpg
850|Indesit|http://images.stockinthechannel.com/pic/S6Z8tPuF4EamqUXClotz5A.c-t.jpg
855|Orion|
883|Hama|http://images.stockinthechannel.com/pic/9fu5hwNhhkSvLkf-XwgbXA.c-t.jpg
898|Lenco|
903|Enterasys|http://images.stockinthechannel.com/pic/xKJU0MityU6fQCg1Z1Df_g.c-t.jpg
905|Morphy Richards|
911|Sangean|
912|Sennheiser|http://images.stockinthechannel.com/pic/Ha7RchOkHEyrWilcU1Wx9A.c-t.jpg
913|SonicWALL|http://images.stockinthechannel.com/pic/0HOcPJyM-EeTYLfQlbC28g.c-t.jpg
923|Orange|
928|Plasmon|http://images.stockinthechannel.com/pic/RxH1h6HfoEqWVLdEIHnk8w.c-t.jpg
929|QLogic|http://images.stockinthechannel.com/pic/ADOIrtFSSEKMItQxD5JRIQ.c-t.jpg
936|Argosy|
938|ATL|
948|Chenbro Micom|http://images.stockinthechannel.com/pic/PSgxeExhWU26iLhhwztQgA.c-t.jpg
949|Cokin|http://images.stockinthechannel.com/pic/7sQKFLrmVUaZGJ39OBwbPg.c-t.jpg
953|Gepe|
966|EMC|http://images.stockinthechannel.com/pic/GlZ7KjlWXkqW49ii8ZmG5Q.c-t.jpg
967|Emulex|http://images.stockinthechannel.com/pic/ZY-aXe9w7EKitu-0VndwoQ.c-t.jpg
969|Citizen|http://images.stockinthechannel.com/pic/wj7RlUufBUqlaUHZ5Mbz2A.c-t.jpg
977|Hypertec|
978|Infortrend|
990|Microsemi|http://images.stockinthechannel.com/pic/Y_UyN7fATkuIx3WHqsbL5Q.c-t.jpg
999|Tandberg Data|http://images.stockinthechannel.com/pic/9B6ZRsBMXk-NKKih8aHTLw.c-t.jpg
1017|Bantex|http://images.stockinthechannel.com/pic/qZmOHiYP5kKN9y8xSej5MA.c-t.jpg
1026|Artwizz|http://images.stockinthechannel.com/pic/kZdCQTWKOUKImGjarso_og.c-t.jpg
1032|Conqueror|http://images.stockinthechannel.com/pic/_-sjujuQ8EGgPcCxMlY9_g.c-t.jpg
1038|DataCopy|http://images.stockinthechannel.com/pic/R0IpNYHw6k6MsjayuuY7ng.c-t.jpg
1064|Olympia|
1073|Rapesco|
1079|Speck|
1100|Honeywell|
1106|Riso|
1107|Equip|
1112|Infotec|
1121|PNY|
1130|UTAX|http://images.stockinthechannel.com/pic/Yr3g0FPEWUuRWeEc1BeRng.c-t.jpg
1146|be.ez|http://images.stockinthechannel.com/pic/Y6uBLZ-yhkiWeeeSEIaY9A.c-t.jpg
1158|Nuance|http://images.stockinthechannel.com/pic/ZEcU4phM8EKJivSoDCnbfw.c-t.jpg
1182|Optoma|
1184|Universal|
1193|Aurora|
1194|Synology|http://images.stockinthechannel.com/pic/q-FJu8TZ8kq_RprwWZa4vQ.c-t.jpg
1219|Micron|
1231|OCZ Storage Solutions|http://images.stockinthechannel.com/pic/PlYp6VHnYEaCzxdAf723AA.c-t.jpg
1236|Loctite|
1240|Henkel|http://images.stockinthechannel.com/pic/_EMG30od602vN8K_47YBbg.c-t.jpg
1241|EET Nordic|
1243|XtremeMac|http://images.stockinthechannel.com/pic/iEKquFjnTki3_VvFu8lmtA.c-t.jpg
1244|Geha|http://images.stockinthechannel.com/pic/TstQPiEWTk6Ljs2mbidhGw.c-t.jpg
1256|Elixir|http://images.stockinthechannel.com/pic/Fi6IB_hDKESX2fHaKdQTOg.c-t.jpg
1295|Eagle|
1296|BullGuard|http://images.stockinthechannel.com/pic/p-VCrzT1ZkWPHhsGbZjqfQ.c-t.jpg
1308|Pledge|
1310|Brodit|http://images.stockinthechannel.com/pic/nrsG-iPqZk6vge4Wstk7SQ.c-t.jpg
1311|Socket Mobile|
1320|AKG|http://images.stockinthechannel.com/pic/jFKbAXZC0UWkPtfZzKwh9w.c-t.jpg
1322|Haier|http://images.stockinthechannel.com/pic/Od8Lld2it0SQMXKhWk5oqQ.c-t.jpg
1326|BlackBerry|http://images.stockinthechannel.com/pic/KaN3nEa6DU2CEfID36yQIQ.c-t.jpg
1328|Funkwerk|http://images.stockinthechannel.com/pic/aq_ZQEkx_EqDbDJpKdY2PA.c-t.jpg
1336|Foxconn|http://images.stockinthechannel.com/pic/8-tK76qqx0S6i6KVe4u2OQ.c-t.jpg
1342|Yes|
1384|RTX|
1391|Otterbox|http://images.stockinthechannel.com/pic/-UzzSRZKHUypwR7mglwKbw.c-t.jpg
1393|Armor|http://images.stockinthechannel.com/pic/uhiCqJvv0UaYwDemNams9g.c-t.jpg
1394|IGEL|
1398|Mobotix|http://images.stockinthechannel.com/pic/J4avrJBVjE6HfSRovNbNug.c-t.jpg
1405|HTC|http://images.stockinthechannel.com/pic/8wt6O7EBHEqs2L4H8xPG6g.c-t.jpg
1431|Datalogic|http://images.stockinthechannel.com/pic/MGAO5qF7ZkyqQatUpMcz2w.c-t.jpg
1433|Hayes|http://images.stockinthechannel.com/pic/BDTRzUi8eESYuzQxHbQFfw.c-t.jpg
1434|British Telecom|
1437|Corsair|http://images.stockinthechannel.com/pic/QIFCKb_Em0CCwejYIb5Qsg.c-t.jpg
1438|Gestetner|http://images.stockinthechannel.com/pic/SDB4dYBG2kqiUQJ6_asJeA.c-t.jpg
1439|TallyGenicom|http://images.stockinthechannel.com/pic/0Db1ik2bxkSXklH-Sn3vvw.c-t.jpg
1441|Lanier|
1444|Pitney Bowes|http://images.stockinthechannel.com/pic/jSEPHUkLSUWFajWheIuCdw.c-t.jpg
1445|Muratec|http://images.stockinthechannel.com/pic/OvGLPktC7EaJdKtEXdmCqQ.c-t.jpg
1446|Tech air|
1449|Star Micronics|http://images.stockinthechannel.com/pic/uNtxDiYmKkq9AakjwkN5qw.c-t.jpg
1450|Uniross|
1452|Dormy|http://images.stockinthechannel.com/pic/HnTli3vFcEOEK4pHXQaZOw.c-t.jpg
1453|Deflecto|http://images.stockinthechannel.com/pic/VRb6lYAZJ029IhYjMF98_Q.c-t.jpg
1455|Juniper|http://images.stockinthechannel.com/pic/3Vg2_xDeGEqeQ2q4SvxyYw.c-t.jpg
1457|Chicony|
1459|Hanns.G|http://images.stockinthechannel.com/pic/cYETJSaRMEuC-MnUqzRyBw.c-t.jpg
1465|CTX|
1466|StarTech.com|http://images.stockinthechannel.com/pic/7M6svQHs-k2ayqK21j3qfQ.c-t.jpg
1468|2-Power|http://images.stockinthechannel.com/pic/GM6e801U4kyH85aF5B9mSA.c-t.jpg
1470|Sasco|
1483|Zebra|http://images.stockinthechannel.com/pic/i-296GuGvUePcOtxoHBGuw.c-t.jpg
1484|Kramer Electronics|http://images.stockinthechannel.com/pic/nB2XeQlMx0eIveHC35OCHQ.c-t.jpg
1488|Intermec|
1494|Emerson|http://images.stockinthechannel.com/pic/mRip2zrxDU6Xak7EbEMW4Q.c-t.jpg
1497|Avanquest|
1499|Vanguard|
1504|Falcon|
1507|Unicol|
1508|Videk|http://images.stockinthechannel.com/pic/GR67G5KDFkyiEy3vrMdD4g.c-t.jpg
1516|Eastlight|
1517|Twinlock|
1519|PowerColor|
1525|Pukka|
1528|Concord|
1529|Supporting Vision|
1531|Andrex|
1533|Carex|
1534|Nescaf√©|http://images.stockinthechannel.com/pic/9w3V3OAg5ESe41brqxq8rg.c-t.jpg
1539|Dynamode|http://images.stockinthechannel.com/pic/qsabev4gIUu0QGRCIJmgLw.c-t.jpg
1544|Akasa|
1549|Brocade|
1552|Lancom Systems|
1554|Nero|http://images.stockinthechannel.com/pic/ZKs3TFnlKka6DeU2pxDB7w.c-t.jpg
1558|F-SECURE|http://images.stockinthechannel.com/pic/Xtv9oagwQkinf6oN0Lhyww.c-t.jpg
1561|Brainboxes|
1562|Zoom|http://images.stockinthechannel.com/pic/Yf51C1mH7kuCXf0CZtySYw.c-t.jpg
1570|Ceratech|http://images.stockinthechannel.com/pic/WbXlqqoCa0eo3nAn5u_pWA.c-t.jpg
1571|Raidsonic|http://images.stockinthechannel.com/pic/4acWE980mUGNrhKJeVvb1w.c-t.jpg
1574|Krusell|http://images.stockinthechannel.com/pic/3izmjdVVHSmSXokrFsR2_Q.c-t.png
1575|Lumens|
1576|Microtek|
1582|Sandberg|http://images.stockinthechannel.com/pic/s54UMHmk9EeST7qaBgu5Pg.c-t.jpg
1585|T-Mobile|http://images.stockinthechannel.com/pic/TKCa_7_keECzQxSOwpYi5g.c-t.jpg
1588|Sparkle Technology|
1595|TE Connectivity|http://images.stockinthechannel.com/pic/Zyr0EaXd8ku9gysNBJzicQ.c-t.jpg
1597|Umates|
1601|Zippy Technology|
1602|Alba|
1620|Phihong|http://images.stockinthechannel.com/pic/YTYRmU_SI0GuyVoo1wfErA.c-t.jpg
1625|Golla|
1629|Sharkoon|http://images.stockinthechannel.com/pic/KBWc6yOx5USMrGmzRmNbgQ.c-t.jpg
1630|Revoltec|
1633|Opticon|
1639|NetApp|http://images.stockinthechannel.com/pic/acBK-uFyrkKW0_mXdiaS1w.c-t.jpg
1642|Pama|
1651|Proporta|
1654|EXSYS|
1655|Diskeeper|http://images.stockinthechannel.com/pic/ElpqSJ22LUSTnXxJWR8p_Q.c-t.jpg
1664|AOC|
1665|SMS Smart Media Solutions|http://images.stockinthechannel.com/pic/LAuUJvxI50iQYxB8uKYgdw.c-t.jpg
1676|Edge|
1678|Leba|
1689|BlueWalker|
1710|B-Tech|
1712|Sunix|
1731|LevelOne|http://images.stockinthechannel.com/pic/Hfogh1v-G0CvWa0eIg7yJA.c-t.jpg
1741|Dialogic|
1742|fUnc|
1749|UDM|
1756|Flash computers|
1759|PostSafe|
1762|Compal|
1782|Value|
1791|PaperFlow|
1801|Velbon|
1803|Medion|http://images.stockinthechannel.com/pic/m_TSasYkI0a5i815g73xvw.c-t.jpg
1808|Prestigio|http://images.stockinthechannel.com/pic/MQHuNvPTO0KnaOteIdYCgw.c-t.jpg
1811|Atari|
1813|Ubisoft|http://images.stockinthechannel.com/pic/nVaFj4Xk9EmeWczFviT91w.c-t.jpg
1821|Gainward|http://images.stockinthechannel.com/pic/sGTge46EXkeYljYNhyV5zg.c-t.jpg
1829|Elmo|http://images.stockinthechannel.com/pic/V0oKhO7CUEOAyqBFE0RoFw.c-t.jpg
1839|Thecus|http://images.stockinthechannel.com/pic/MwQ9NY0bx0OSX9FpLzZDmg.c-t.jpg
1844|Integral|http://images.stockinthechannel.com/pic/mx2675jBE0OMefohyC8n3A.c-t.jpg
1853|LOEWE|
1854|Nintendo|http://images.stockinthechannel.com/pic/qJiFnLLdwkeC_dHfwltC7w.c-t.jpg
1855|SEGA|
1857|3Dconnexion|http://images.stockinthechannel.com/pic/wwzMEGP8a0mJ-UOtmLYnBQ.c-t.jpg
1860|A4Tech|
1865|Acronis|
1868|Auerswald|
1874|Ultron|
1875|Wavemaster|
1880|Aerocool|
1885|Cullmann|
1891|Edimax|http://images.stockinthechannel.com/pic/C_r-mYQhOUanitsxJKs2IQ.c-t.jpg
1894|Enermax|
1899|FSP/Fortron|http://images.stockinthechannel.com/pic/yToIUrZAD0Wl0mPQbiljzQ.c-t.jpg
1908|Bugatti|http://images.stockinthechannel.com/pic/rAZkwYXLTCim8_jqpL4CiA.c-t.png
1921|Guildhall|
1923|Cambridge|
1924|Speed-Link|http://images.stockinthechannel.com/pic/oEzPXqSvrUaywIE1YELKIw.c-t.jpg
1925|Versapak|
1930|TWININGS|
1933|PRIMERA|
1936|Tetley|
1937|PG tips|
1957|ADDER|
1960|aixcase|
1968|Ansmann|
1980|Arctic Cooling|
1986|Bestmedia|
1995|Cobra|
1996|Codemasters|
2004|AASTRA|http://images.stockinthechannel.com/pic/8tj5O2Dx7E275XwG81DjDA.c-t.jpg
2012|Brennenstuhl|
2014|Beurer|
2029|ClearOne|
2030|Clevo|
2042|Dawicontrol|
2043|DeLOCK|
2045|Draka Comteq|http://images.stockinthechannel.com/pic/5iK4cEOmhEq2GpUzcqksYQ.c-t.jpg
2049|ECS|
2051|EKL|
2063|Yuasa|http://images.stockinthechannel.com/pic/RMscuglx5EOU3_3H2dGuww.c-t.jpg
2067|X-Rite|
2069|Xilence|
2083|Seasonic|
2084|Huawei|http://images.stockinthechannel.com/pic/C_x_tJVCAiyVMOF5qQW5KA.c-t.png
2094|Kinetronics|http://images.stockinthechannel.com/pic/w2WMQhOJDUGQVVuQmHuxxQ.c-t.jpg
2095|ACTi|
2104|B&W|
2106|Biostar|
2116|ICIDU|http://images.stockinthechannel.com/pic/9ruwyhcfbE6IhqgtUdCbdA.c-t.jpg
2117|Parallels|
2126|Eminent|http://images.stockinthechannel.com/pic/y8GA_CiGVEaNuXMQGJOGGg.c-t.jpg
2130|ExpoDisc|
2131|Fantec|
2136|Kindermann|http://images.stockinthechannel.com/pic/WYvWTIEJlEG_GbGmKX2K9w.c-t.jpg
2155|ONKYO|http://images.stockinthechannel.com/pic/cVtvcoUG3UunEXb4IWIfTQ.c-t.jpg
2158|Tokina|
2159|Thermaltake|
2160|Tetenal|
2162|TechniSat|
2163|Tamron|
2164|Tamrac|
2165|TRENDware|
2166|Avaya|
2176|GFI|
2185|WincorNixdorf|
2186|Panduit|http://images.stockinthechannel.com/pic/agzX8ZGRnkyYfUn8kY3Xgg.c-t.jpg
2195|XMA|
2210|Autosafe|
2222|Barco|
2224|Disney|
2225|Google|
2226|Marantz|
2238|Soyntec|
2240|Energy Sistem|
2247|Yamaha|http://images.stockinthechannel.com/pic/oFTjJVht4k6nrRKQiewL6w.c-t.jpg
2250|Seagull|
2251|Chimei|http://images.stockinthechannel.com/pic/7J4vR-o0Tk6R5hoVcowCrg.c-t.jpg
2263|Draper|
2264|Bretford|
2306|Point of View|http://images.stockinthechannel.com/pic/zLoa5s270EqYe_27aTQ28w.c-t.jpg
2308|Audiocodes|http://images.stockinthechannel.com/pic/9jcCeOHS5Ui39J_8ecyIUA.c-t.jpg
2314|Moxa|
2323|Serif|
2347|KeySonic|
2380|Hahnel|
2395|Plustek|
2399|CyberPower|http://images.stockinthechannel.com/pic/i-tjtsuTokCmnYh1dOiXRA.c-t.jpg
2400|Eaton|http://images.stockinthechannel.com/pic/B58T5oWYbkqOfL1w_VBwJA.c-t.jpg
2401|LC-Power|
2407|Christie|
2410|G.Skill|http://images.stockinthechannel.com/pic/xUIUe7nkMESDrvPz8ltp8w.c-t.jpg
2414|Shure|
2421|Palo Alto Software|
2443|Konami|
2450|Monster Cable|
2475|Nfive|http://images.stockinthechannel.com/pic/oiZeDpusyECMmNvgsg_SSw.c-t.jpg
2508|Jawbone|http://images.stockinthechannel.com/pic/ltqr3JvGryKBavEMUREeug.c-t.png
2521|CRU|
2532|Zotac|
2534|Noctua|
2536|Tecxus|
2537|Rasurbo|
2539|MS-Tech|
2542|Elo Touch Solution|
2555|InfoPrint|
2559|Denon|
2562|JOBO|
2563|Lastolite|
2565|be quiet!|http://images.stockinthechannel.com/pic/2-gG4azUg0O-B2bE6HG3wQ.c-t.jpg
2570|Absolute Software|
2573|ADATA|http://images.stockinthechannel.com/pic/3LHgwFcK4EWeaBfKYNjiWg.c-t.jpg
2582|Hynix|
2584|Advantech|
2598|Cadbury|
2602|Mitsubishi Electric|http://images.stockinthechannel.com/pic/jkuPQE6iT0OUqFZu6AF5Mg.c-t.jpg
2624|APO|
2625|Ask|
2627|Brilliant Components|
2629|Davis|
2630|Electrohome|
2638|Sling Media|
2657|ONLINE USV-Systeme|
2659|iTEC|
2675|Inno3D|
2678|Papst|
2679|Silverstone|
2680|Titan|
2685|Patriot Memory|
2689|Media Vision|
2693|Elite Screens|
2695|ST Lab|
2707|Swann|
2709|Corepad|
2713|Y-cam|
2714|Aleratec|
2729|Roth|
2736|QNAP|http://images.stockinthechannel.com/pic/hsOV-UYEHkWf7VJLkLggng.c-t.jpg
2743|Origin Storage|
2746|Platinum|
2762|Aten|
2773|C2G|http://images.stockinthechannel.com/pic/V8jv7wFT1kebvtFqKC5gDQ.c-t.jpg
2781|Crucial|
2792|EVGA|
2797|G-Technology|
2799|Gefen|
2812|Intuit|
2814|iogear|
2817|Fatman|
2821|Tritton|
2839|Atto|
2840|Baracoda|
2845|Clickfree|
2882|Namco Bandai Games|http://images.stockinthechannel.com/pic/7oT-fyrbGEKJ5Ib20JrjSA.c-t.jpg
2898|RCA|
2924|Man & Machine|
2926|TP-LINK|http://images.stockinthechannel.com/pic/-ljpa6_nkk2R9f1XoV7JHA.c-t.jpg
2931|Steelseries|
2938|Trendnet|
2939|Tripp-Lite|
2941|Ultra|
2945|Manfrotto|
2946|Hoya|
2947|Geil|
2949|GEAR4|http://images.stockinthechannel.com/pic/nX1g0zrRQEe1ubu3iFyaxg.c-t.jpg
2950|iGo|
2992|TEKLYNX|
3003|Proxima|
3004|MiTAC|
3009|Super Talent Technology|
3022|A+K|
3042|Billion|
3052|Cables Direct|
3083|Datacolor|
3097|Doro|http://images.stockinthechannel.com/pic/-ZPMoaFOJC22U3UDO4OSMA.c-t.png
3110|Emprex|
3145|Intellinet|
3159|Knoll|
3169|Luxeon|
3174|Manhattan|
3222|Polycom|
3245|Sim2|
3273|Avio|
3281|Boxlight|
3293|Cello|
3300|Clipper|
3322|Digital Projection|
3327|EIKI|
3343|Exspect|
3377|Ixenion|
3392|Laurel|
3450|Prokia|
3475|Sahara|http://images.stockinthechannel.com/pic/_wSqY7phRkK3McfnU-qrjQ.c-t.jpg
3479|Saville|
3555|Smart|
3577|SYNELEC|
3596|Veho|
3597|Videkron|
3614|Accuratus|
3638|Bartec|
3701|Faqtor|
3739|Interquartz|
3747|Katun|http://images.stockinthechannel.com/pic/EikOQD2tg0GC9FPgUdkrrA.c-t.jpg
3752|Liesegang|
3754|Lindy|http://images.stockinthechannel.com/pic/MJm5lcoF606ETr3BCdAT2A.c-t.jpg
3760|Loxit|
3761|LSI|
3796|Octigen|
3811|Plus|
3835|Runco|
3886|Chatani|
3888|Clarity|
3917|Edge10|
3928|Eveready|
3929|Evolis|
3969|Jetway|
3986|Konftel|
3997|LogiLink|
4004|M-Cab|
4006|Metroplan|http://images.stockinthechannel.com/pic/zo-zLTHSMkGwFKfYAxQadg.c-t.jpg
4046|Planar|
4056|projectiondesign|
4122|Vision|
4153|Taxan|
4157|Telex|
4174|Vega|
4182|Dell Wyse|http://images.stockinthechannel.com/pic/LUiXB4pXR0CAI_KfwDmDlw.c-t.jpg
4200|DataCard|
4202|Unitech|
4726|Genius|http://images.stockinthechannel.com/pic/wj1Oy1i2ukCjod_U3-cksw.c-t.jpg
4758|General Electric|
4920|Traxdata|
4930|LyCOM|
4939|Microlamp|
4945|Triumph-Adler|
4956|Proware|
4957|Mad Catz|
4962|Microconnect|
5060|Evoluent|
5070|Promethean|
5146|Celly|http://images.stockinthechannel.com/pic/tS4jyknV9kucwTQWrIZkPA.c-t.jpg
5166|AirLive|
5174|Joby|
5212|Sonim|
5220|Reflecta|
5221|Seleco|
5272|ACE|
5301|American Tourister|
5306|Zigor|
5320|Radiopaq|
5345|Praktica|
5355|Veracity|
5359|Linea|
5980|Rollei|
5982|Vidikron|
6001|Gateway|
6101|Mionix|
6115|Roccat|
6221|Ritek|
6237|Binatone|http://images.stockinthechannel.com/pic/kxNFxX_WGUGw_EcaHdOqAw.c-t.jpg
6249|Bixolon|
6254|Glancetron|
6257|Metapace|
6319|Promise Technology|http://images.stockinthechannel.com/pic/EJz86LDONk-TTCyML7N-Kg.c-t.jpg
6322|Escon|
6332|KWorld|
6362|Pure|http://images.stockinthechannel.com/pic/25HnScM9Y0WP3Hl0ADPy0g.c-t.jpg
6371|Vivitek|
6411|Drobo|
6453|Fortinet|
6456|Edifier|http://images.stockinthechannel.com/pic/4atBNR_H80ePXEJd-BucLw.c-t.jpg
6475|Dataproducts|http://images.stockinthechannel.com/pic/rllZUGDYiiS9AxuuTj8-Aw.c-t.png
6487|SCOTT|
6507|Blue Microphones|
9327|Pelco|
9862|PrehKeyTec|
9883|ADC|
9920|Fluke|
9925|Gigaset|http://images.stockinthechannel.com/pic/u2faWNApZkeUh6WW0TdbQQ.c-t.jpg
9931|ICOM|
9941|MagicBox|
9988|TUK|
10223|Xigmatek|
10255|Kanex|
10272|Muvit|http://images.stockinthechannel.com/pic/-UFoERpHd0qD0nuS0HcgeA.c-t.jpg
10287|Peli|
10426|HKC|
10917|Sumvision|
10964|Wenger/SwissGear|
11054|Powermat|
11548|Arianex|
11549|Ariel|
11703|QPAD|
16216|Hi|
26632|Port Designs|
26666|Scythe|
26670|Tenda|
27220|Asoni|
27752|Phoenix Technologies|
32284|Livescribe|
32316|HoMedics|
35552|Seal Shield|
35590|TV One|
70896|Alienware|http://images.stockinthechannel.com/pic/3AMIywY3mUqJceNY99KCbA.c-t.jpg
70905|EnterpriseDB|
72429|Gelid|
72468|Hyperion|
79501|EnGenius|http://images.stockinthechannel.com/pic/x4H4XcgtKEqjpwaw4N0IBA.c-t.jpg
85818|Compro|
85870|Trexta|
106189|Skullcandy|
126599|Storage Options|
151095|Brenthaven|
151168|eSTUFF|
159363|Studio Experience|
159396|Gioteck|
159401|iolo|
159427|Square Enix|
180971|Enhance|
191172|Getac|
334800|Urbanears|
334830|Geemarc Telecom|http://images.stockinthechannel.com/pic/0nAQtcFFlUGsWGhULjmU_Q.c-t.jpg
334910|Fractal Design|
417897|SATO|
437572|Moshi|
545645|LUXA2|http://images.stockinthechannel.com/pic/zEO7k9Ua_0WbJ1LLO-jjtA.c-t.jpg
688496|Team Group|
724750|DataWind|
745618|eMachines|
745741|eyevis|
746157|Cougar|
761839|Turtle Beach|
850664|APG Cash Drawer|
850678|Viewcast Inc (sterling)|
850705|ratiotec|
850731|Breeze Technologies Ltd|
850741|Revolabs|
850793|MAXIMA|
850798|SUMMIT|
850834|Megapower|
850838|Alternative Software|
850843|TC Installations|
850847|TYPHOO|
850871|EDIS|
850880|Promag|
850923|COMPATIBLE INK|
850937|Datamax O'Neil|http://images.stockinthechannel.com/pic/-HrHEbhfiUCh_mOFTHrm0A.c-t.jpg
850943|signageLive|
850947|OEM|
850954|STEEPLETONE|
850963|Newtek Europe (Euro)|
850972|Mushkin|http://images.stockinthechannel.com/pic/s_bGegcZrU2Kly96bSg_GA.c-t.jpg
850988|LM Technologies|
850992|Evesham|
851028|TALLY DASCOM|
851038|KENCO|
851055|ADDCOM|
851123|Premium|
851129|LAZERBUILT|
851142|GENEE|
851143|eMedia Music|
851155|Newtek Europe|
851171|HannStar|
851193|MDS BATTERY|
851194|CIT|
851215|GHEKKO|
851220|Lightware|
851237|LONGBOW|
851238|Tripleplay Services Ltd (Sterl|
851242|JCB|http://images.stockinthechannel.com/pic/ewrYwpNzHyuqSLR0V3NguQ.c-t.png
851249|TopView|
851254|Qsan Technology|
851266|Austin Hughes Electronics Ltd|http://images.stockinthechannel.com/pic/9zbP78MWc0CKt5kN0nm1HA.c-t.jpg
851271|Sonic Foundry Inc|
851284|Accordent Technologies|
851285|Enviro|
851289|APTI|
851293|AirTies|
851302|NuVo|
851326|POWERDATA|
851337|Fluidata Ltd|
851339|FREEDOM|http://images.stockinthechannel.com/pic/JGHcDjBT-Sy2EfE-OpdCNg.c-t.png
851363|ID TECH|
851382|Avid|
851392|Cash Bases|
851422|MERONCOURT|
851431|Brasso|
851432|NEWLINK|
851448|AONE|
851456|MicroSpareparts|
851464|FAIRY|
851466|TARGET|
851505|Zoostorm|
851527|ProjectorEurope|
851539|IDS|
851551|INFAPOWER|
851570|Adastra|
851598|COMPATIBLE PRODUCT|
851610|Dukane|
851622|International Cash Drawer|
851684|Videotec|
851699|DATA SELECT|
851703|COMPUTER GEAR|
851747|Hustem|
851783|Ergo|
851818|PC Headliners|
851826|GN|
851828|Datpresenter Ltd|
851838|Webroot|
851848|CRAWFORD|
851861|YEALINK|
851865|iStorage|
851888|Dust-Off|
851898|CELLUON|
851934|Three|
851977|Simply|
851990|Electro Connection|
851998|RA Technology|
852027|Coloud|
852056|GLADE|
852065|LINDUSTRIES UK LTD|
852080|GENERIC MEMORY|
852106|Hyperam|
852125|Optibase Technologies Ltd (Eur|
852142|Chunghwa Picture Tubes|
852152|3D perception|
852162|4CC|
852169|Future Software Ltd|
852205|ADDIS|
852223|CTG|
852224|EVO LABS|
852225|BEN 10|
852248|MCVITIES|
852262|MicroOptics|
852274|Raw AV International Ltd|
852278|Systemslink|
852288|Goodmans|
852303|Amino Communications Ltd|
852310|ECOVER|
852335|Powercool|
852341|TELESTREAM|
852348|Theia|
852365|Grandview|
852368|VYE|
852389|Walk on Water|
852401|eJay|
852432|Lapsafe|
852448|MASTERPLUG|
852472|KRAFT|
852558|Cognimatics|
852563|AU Optronics|
852579|NUPRO|
852587|Rocking Residence|http://images.stockinthechannel.com/pic/RhmnDKOpXEemNMZyFu-aQQ.c-t.jpg
852609|Viewcast Corporation (USD)|
852613|IQeye|
852652|Linx|
852689|DOMESTOS|
852697|EUROPA|
852702|MicroScreen|
852714|Agent Vi|
852735|Impromp2u|
852744|Mirasys|
852802|Muc-Off|
852805|Tacima|
852931|FaceVsion Technology Inc|
852939|JEYES|
852969|Maginon|
852985|Cat|
853014|OAK|
853015|Hello Kitty|
853039|IMAGISTICS|
853049|Mimio|
853052|Radvision|
853053|MILLS|
853054|Mousetrapper|
853073|Zeppelin|
853122|QUINZ|
853127|Bauer|
853190|RIDISC|
853193|NTP PRODUCTS|
853194|Take-Two Interactive|
853214|RETELL|
853253|LMS Data|
853260|Prism Enclosures|
853263|FINISH|
853306|Peerless|
857088|CINEVERSUM|
861788|Challenge|
863542|Robinsons|
864861|Lu Blue|
868944|Mr Muscle|
872859|Fairtrade|
872971|BitFenix|
873323|SolarWinds|
873973|OHP|
875934|HID Identity|
876339|ADPRO|
892605|SwissVoice|
892615|Metz|
892625|Switcheasy|http://images.stockinthechannel.com/pic/11vn4dhygkG5XAJfrPD9Eg.c-t.jpg
892628|Urban Factory|
892647|IDAPT|http://images.stockinthechannel.com/pic/0RZFtMvFrCW4OT6s48B6OQ.c-t.png
892694|Omega|
892724|MENDIT|
892736|NGS|http://images.stockinthechannel.com/pic/JHk_emqzM0OP1dEypfKJeA.c-t.jpg
892813|DCI|
892846|Mattel|
892976|Colormetrics|
908805|Yarvik|
914386|Develop|
920639|Optima|
931148|3 TELECOM|
936424|ActiveJet|
936483|Image|
936494|Linkworld|
936501|MediaRange|
936503|Microlab|
936516|PROJECTOR LAMPS|
936530|Sedna|
936544|TechnoTrend|
941806|G-Cube|http://images.stockinthechannel.com/pic/2GqkfpZiCkO2YnkKkrr7RA.c-t.jpg
941816|GMC|
941819|Tronje|
947088|VTX3D|
952379|Riello|
978890|JUST LAMPS|
984219|Anthem|
1005827|SERVASSURE|
1055807|Mitel|
1073064|Elinchrom|
1078801|TOA|
1090731|United Digital|
1098103|Henge Docks|
1103804|iGrill|
1120870|Atlantis Land|
1126581|JACOB JENSEN|
1138028|NCH Software|
1166563|GlobeTrotter|
1189383|MicroSpareparts Mobile|
1189882|Arnova|
1190267|INGRAM MICRO COMPONENTS|
1219004|Gary Fong|
1224743|Video Corporation Ltd|
1224745|XSKN|
1247950|MicroMobile|
1282228|Inter-Tech|
1282957|Gossen|
1282962|Kenko|
1282963|Lensbaby|
1282965|Loreo|
1282968|Novoflex|
1283053|LumiQuest|
1283057|PocketWizard|
1283060|Camgloss|
1283071|Induro|
1283080|Nissin|
1283084|Raynox|
1283088|Multiblitz|
1283364|DreamVision|
1283935|Brickcom|
1283965|SAP|http://images.stockinthechannel.com/pic/2ADLZPvWf0WttDAHCJatwQ.c-t.jpg
1284029|Raytec|
1284116|CMS Peripherals|
1284540|TVS|
1284552|Musibytes|
1285383|Cognitive TPG|
1288000|OP/TECH USA|
1288007|ZTE|
1290068|Zagg|http://images.stockinthechannel.com/pic/eITjIzTPnkWHk6jqlCAmQw.c-t.jpg
1290774|Imago Group PLC|
1292949|CABLE TIME|
1293214|Meridian|
1293698|SHIELD|
1294093|Milestone Srl|
1296918|Acme Made|
1296926|Jivo Technology|
1296932|Midland|
1297396|TP|
1300405|Third Party|
1303324|DATA|
1305549|Pandigital|
1305552|SPECIALS|
1306162|Amplicom|
1309646|SCOPE|
1312082|Austin Taylor|
1312085|CLARIA|
1312086|CLEMENT CLARKE|
1312090|FORTUNE|
1312096|RADIUS|
1316360|CLOUD|
1318514|Perixx|
1321988|Hasbro|
1324681|Bluechip World|
1324709|Kondor|
1324735|Star Wars|
1324737|Tech21|
1326078|Digium|
1326085|Un-Branded|
1330529|Technaxx|
1330598|Kobo|
1330604|Optibase Technologies Ltd (STG|
1334463|Xqisit|
1337078|InLine|
1337127|Techflex|
1348422|DATAMOBILE|
1351205|Scosche|
1354377|Sox|
1355770|NOCS|
1364364|Delfi|
1366164|Lind|
1375586|Mobee|
1378700|Double-Take Software|
1380401|CAMSPORTS|
1388216|YYC|
1389808|Colebrook Bosson Saunders Prod|
1389812|The Joy Factory|
1398921|Seiko Instruments|http://images.stockinthechannel.com/pic/LbKcb_gnMU-NxnXiRe5BJw.c-t.jpg
1399638|Identive|
1425912|PPC|
1432848|Selfsat|
1438073|Hip Street|
1439862|Case-mate|http://images.stockinthechannel.com/pic/PJ-XBVOybCOifKQFMhhuOg.c-t.png
1443381|TSC|
1461988|STRAX|
1463905|JETPLAY|
1477108|KMP|
1483406|LG-PHILIPS|
1483433|SPIREPC|
1483479|OWC|
1483499|PULSE|
1483585|Label-the-cable|
1484248|SecurePoint|
1484286|Micros|
1494120|Aria|
1497430|Gericom|
1500731|CPQ|
1500732|DCS|
1500733|DIV|
1500739|Luidia Inc (USD)|
1517315|CASE GEAR|
1554462|Dectsys|
1554463|GAI-Tronics|
1554466|INDECA|
1554473|Sagemcom|
1558710|AcBel|
1558712|B-Move|
1558713|BOOM|
1558727|HIPOINT|
1558752|VIGLEN|
1562402|Sanho|
1566804|TIME|
1570188|Sky|
1604200|Imago China  (Dollar Account)|
1611461|Roku|
1613903|NTP Software|
1615149|PureTrak|
1617595|Bayan Audio|
1620068|Diasonic|
1620073|Luidia UK Limited (STG)|
1624999|Rivacase|
1626260|SPICERS|
1637812|Dataram|
1638092|Copter|
1638115|Contour Energy|
1638138|BETA|
1638143|COMPUTER G|
1647182|PCH|
1648664|CHI MEI|
1648793|DONGWON|
1648828|MAG|
1650313|ECD|
1650316|France Cartes|
1650339|Mobi Plastic|
1650340|Neo|
1657503|GreenWorld|
1657546|Krator|
1660998|Solitaire|
1708910|AFOX|
1708988|RA TECHNOL|
1719932|TEQ|
1727226|Canubo|
1727230|DNT|
1727232|Easypix|
1727234|Heliopan|
1727254|Walimex|
1749558|iGrip|
1760568|GO Lamps|http://images.stockinthechannel.com/pic/4wPpnsvXpESsS3_3OfWsYg.c-t.jpg
1767926|Avance Technologies|
1771570|SANTOK|
1779247|UNSPECIFIE|
1782990|Whitenergy|
1798247|Qwerty|
1809649|HGST|
1813485|Highland Spring|
1813500|Mr Juicy|
1840767|Solarflare Communications|
1840786|FUNBEE|
1840940|VORTEX|
1841042|IBOARDTOUCH|
1841255|Sound Control Technologies|
1859670|Avery|http://images.stockinthechannel.com/pic/8wxtOdHr10yVyDWdU__t3w.c-t.jpg
1863685|Resilient Power Solutions|
1879861|Gunnar Optiks|
1887871|Divoom|
1891867|BORRI|
1923800|Ross|
1931786|ADVOCO|
1935935|iBOLT.co|
1960428|Maclocks|
1960429|MASS EFFECT|
1960431|MINECRAFT|
1960443|PORTAL 2|
1960481|WORMS|
1972439|NetScout Systems|
1989932|ANSELL|
1989993|STARCRAFT II|
1994382|DIABLO III|
2015108|GHOST RECON|
2022519|DataLocker|
2045691|Aztech|
2078979|Nordic TeleCom|
2078980|Orbyx|
2093204|Busbi / Disgo|
2121636|Digipos|
2135809|SHORETEL|
2145251|DICKYBAGS|
2154738|Aerocare|
2154747|ZINC|
2164372|DigiHome|
2164789|Nordic ICT|
2164961|ASUSTOR|
2165008|CALL OF DUTY|
2165017|HALO 4|
2165024|NETSHOP LIMITED|
2165396|NMD|
2169429|Kenwood|http://images.stockinthechannel.com/pic/Lo6gzaOmZkOOlNYgw4nULA.c-t.jpg
2174798|AVerMedia|
2175239|Saville Audio Visual|
2181173|LITTLE BIG PLANET|
2181188|LIAN LI|
2181197|ANGRY BIRDS|
2181211|ASSASSIN'S CREED|
2182313|AVC|
2187143|Subtech|
2204934|IconBit|
2216945|Nurvo|
2222943|Ubicast|
2222947|BARBAPAPA|
2222961|ZetMac|
2259370|Yale|
2271541|Spider|
2271707|NEW DAWN INNOVATIONS|
2271783|Approved|
2278052|AMICA|
2278167|PEAKOPTIC|
2278168|NewerTech|
2278335|4WORLD|
2290703|SEAGATE/SAMSUNG|
2291256|Media Sciences|http://images.stockinthechannel.com/pic/cqaahDErgUm8PZ5hzRCZiQ.c-t.jpg
2334586|Spectralink|
2334633|POLYVISION|
2334651|ELITEGROUP|
2334745|Meraki|
2340880|CMS Warranty|
2359372|GUMDROP|
2365522|k.A.|
2365534|Twinhead|
2365548|Henan|
2365549|WORTMANN AG|
2381598|TELY LABS|
2387693|X-Mini|
2406009|SOTI|
2406012|IBOX|
2412237|PHONE FASHION|
2418313|POWERSEED|
2430540|MagTek|
2442710|Seals|
2442725|comnet|
2448829|JPL|
2448830|Thorsman|
2448836|Marshall Tufflex|
2448839|Tower|
2448846|North Supply|
2448847|Konexx|
2448853|Pressac|
2448858|Greenlee|
2448860|Paladin Tools|
2448863|DAC|
2448864|Tempo|
2448865|SDX|
2448867|Kalika|
2448868|BD|
2448870|Liquid Voice|
2448871|Hosiden|
2448875|Action On Hearing Loss|
2448876|Netcat|
2461080|KURIO|
2461084|Diesel|
2479459|Savepower|
2504026|Qualcomm|
2522663|Ever Case|
2559252|Hugo Boss|
2585354|Beta Distribution|
2604927|Telesystem|
2621409|Unbranded|
2621412|Miscellaneous|
2621417|CONFIGURATION SERVICES|
2621418|OBSOLETE|
2621431|CONTRACT WAREHOUSING|
2621437|PORTABLE POWER SOLUTION|
2621447|WESTCOAST|
2621456|INGRAM|
2621465|Vanson Electronics LTD|
2621474|Spaun|
2621476|Unknown|
2621482|Milestone AV Technologies|
2621489|Lifeproof|
2621499|Noname|
2621508|MICRO P|
2621526|CIPI EUROPE|
2621532|GoPro|
2621535|TEST VENDOR|
2621543|NORTHAMBER|
2621552|Other|
2627743|HYPERDRIVE|
2627748|DynaScan|
2627758|G-FORM|
2652563|PhotoFast|
2652582|iHealth|
2665022|Grandstream Networks|
2671298|MOBIPARTS|
2671338|CLOVER TECHNOLOGIES GROUP|
2677567|PDP|
2689977|DigiBox.co.uk|
2714943|Looney Tunes|
2721287|PROLINK|
2727510|GOCLEVER|
2727531|IP TRADE|
2733808|Demetec|
2734454|Quanta|
2740039|OTONE|
2740045|SANGOMA|
2740075|W&K|
2777586|BEABLOO|
2790333|Infineon|
2821549|TWENTYFIVE|
2827807|Urbanista|
2827827|Dovado|
2840484|CMOS|
2846755|ECHOSTAR|
2859302|PAYLEVEN|
2859315|MIFARE|
2871894|D Bramante|
2878187|Digi International Inc.|
2878191|Vogels BV|
2878195|Dicota GmbH|
2878197|Online USV-Systeme AG|
2878198|Prodasafe/Dr.Kaiser|
2878200|Powercolor (TUL)|
2878202|OCZ Technologie|
2878216|Baaske Medical GmbH & Co.KG|
2878219|Unitrends|
2878220|MAG Germany|
2878221|ASSMANN Electronic|
2914648|AIRVM|
2920949|I AM|
2927239|GAMMA 3PL|
2927241|CLEMENTONI|
2939831|C.Itoh|
2939833|MEMORY SOLUTION|
2952467|VCE|
2978522|ADIN|
2978525|Pace|
2991687|Torex|
3004880|Gibertini|
3004885|Grape|
3004887|ECO|
3011487|Rover|
3057834|MARSHALL|
3064475|FONEXION|
3077778|Au|
3077779|Cybertron|
3077784|Chi|
3077788|Averatec|
3077792|Durabook|
3077808|Schenker|
3077815|Rm|
3077816|Belinea|
3077819|Maxdata|
3077832|Belina|
3077834|Avadirect|
3077840|Ei|
3077842|Ciara|
3077845|Aristo|
3097727|SpaceControl|
3130839|CELLULAR|
3137461|MAGCONN|
3162256|Intronics|http://images.stockinthechannel.com/pic/jpR3kdkLXEOkvQHa_ZtbUw.c-t.jpg
3168823|ScreenTek|
3168841|ZC PRINTERS BATCH & SECURE ISSUA|
3188806|TACTUS|
3188813|LEADER|
3188891|BIWIN|
3195572|Connected|
3195581|PMR|
3195583|Sharpmark|
3195588|Comvurgent|
3195591|Storacall|
3195592|CasePower|
3195594|PROTELX|
3195596|Arrow|
3195598|Devlin|
3195602|Pocket|
3195608|Enclosure|
3195610|E&J|
3195612|SUNDRY|
3195614|Sarabec|
3195615|Akixi|
3195616|Angelsounds|
3195617|LDD|
3195622|Belden|
3195625|2N|
3195627|Baylis|
3202269|BeyzaCases|
3228877|MIS|
3235533|METAL GEAR SOLID|
3235536|TEAM FORTRESS 2|
3235538|DEFENSE OF THE ANCIENTS (DOTA)|
3235543|AMP|
3242207|Radvision LTD|
3402675|STARBUZZ|
3469734|Fitbit|
3489996|PLENTY|
3496706|SPARA|
3510139|ION|
3510141|Nutz|
3530284|NABI|
3585749|Unique Secure|
3585755|Anttron|
3585786|IM SPA|
3592516|Gamdias|
3605989|OCEAN|
3626226|bee-wi|
3626231|SERVER TECHNOLOGY|
3648103|Commsoft|
3648124|Falcon Safety|
3648128|INTELLIGENT|
3649660|Maximum|
3656071|3Q|
3657268|GOODRAM|
3657322|Neotion|
3657518|Synergy|
3657535|TORK|
3657776|Ivo|
3657812|SILENT HILL|
3657854|K|
3657876|Casper|
3657887|Boehydis|
3657898|Maxtor|http://images.stockinthechannel.com/pic/9NqI8Scn4k2lkRl26Q_dig.c-t.jpg
3657901|Crystal|
3659317|Metrologic|
3659327|Palit|http://images.stockinthechannel.com/pic/AAtzDDzxM0mHxpOsA8YRmg.c-t.jpg
3660592|Sun Microsystems|
3660762|Ericsson|
3661952|M-AUDIO|
3662027|Nashuatec|
3662155|BT|
3662242|Hannspree|
3662457|nView|
3663369|VIPRE|
3664129|ACME|
3664563|B+W|
3664612|Perfect Green|http://images.stockinthechannel.com/pic/MBHlsN_ilCOA-sVgHRJmtQ.c-t.png
3664793|3D Systems|
3678942|PURPLE WIFI|
3678946|VXi|
3678958|Crumpler|
3678973|ICY BOX|
3678994|BOX IT Design|
3679168|WATCH_DOGS|
3679192|THE ELDER SCROLLS|
3679193|WOLFENSTEIN|
3699609|ENIGMA RECOVERY|
3699625|DHALCO|
3699639|Tribe|
3699655|Oblige|
3699674|Rabito|
3706483|BARNES & NOBLE|
3706533|SEIKO INSTRUMENT|
3706836|OUYA|
3707167|VELOS|
3707453|Black n' Red|
3711098|Everex|
3714372|Pico Genie|
3714398|Solid Drive|
3727864|VERTICE|
3737221|ProDesign|
3738795|Excalibur|
3748024|Fusion|
3755056|Blizzard|
3761946|DO|
3768030|SOL REPUBLIC|
3768904|HUSH|
3775962|OCZ Technology|
3776009|TOPDISK|
3776021|Eye-Fi|
3776028|Xtorm|
3796940|YANEC|
3796954|Raspberry Pi|
3817730|UTP|
3817732|HP note/desk/workstations|
3831640|Avira|
3831694|AMPHENOL|
3859372|MSC|
3866222|A&C SYSTEM|
3873099|ADAPT|
3873162|Digiality|
3886871|Kazam|
3930259|CREATION SECURITY|
3944084|EMPIRE|
3993150|BlueTinum|
3993153|Ennovia|
4007399|CISCO SPECIAL|
4007402|CANDYWIREZ|
4113798|IEI|
4121004|LENSPEN|
4128276|VICIOUS AND DIVINE|
4128289|MiPow|
4128414|ADVENTURE TIME|
4128469|Wave|
4128614|TIBO AUDIO|
4128987|Spectra|
4128988|MCAFEE SPECIAL|
4136589|FYT|
4152027|FEC|
4159733|MIGHTY WIP|
4159735|EXEL|
4159736|REVIVE|
4159737|OREO|
4159738|BISTRO|
4159739|DOUWE EGBE|
4159741|SYR|
4159743|LUMOCOLOUR|
4159744|VISIFIX|
4159749|STOREMASTE|
4159750|NYREX|
4159753|ORGAREX|
4159756|STAEDLER|
4159757|CAFE ETC|
4159758|HARLEY|
4159761|DAIRY PRID|
4159762|DURASTAR|
4159763|ORDOFIX|
4159765|CRYSTALFIL|
4159778|PENDAFLEX|
4159786|TOILET DUC|
4159787|TATE & LYL|
4159798|COMMUNIQUE|
4159799|KRAFT PAPE|
4159801|FOX S|
4159806|HI BALL|
4159815|MAIL LITE|
4159826|BLACKWOOD|
4159835|DUSTMAID|
4159836|KARNIVAL|
4159845|TRIPLE VEL|
4159849|HERMESETAS|
4159852|WALLACE CA|
4159857|AVANT GARD|
4159858|NEW GUARDI|
4159860|YORKSHIRE|
4159862|FABREZE|
4159865|BAKKERELKH|
4175571|Zykon|
4175579|Ubiquiti Networks|
4191668|ZENS QI|
4207110|SECO|
4214921|SOLUDOZ|
4222727|CANFORD|
4230471|AVENIR TELECOM|
4261446|iHip|
4261449|Benchmark|
4261454|Onstream|
4261457|Castlewood|
4261461|BUBBLE BOBBLE|
4261462|HMD|
4276925|UNIQ|
4284651|Advent|
4284662|CPR|
4284663|Hellermann Tyton|
4284666|GROUP|
4284669|PANZERGLASS|
4300256|Azlan Logistics Ltd|
4300274|Studyplan|
4315875|Ruckus Wireless|
4315880|DBRAMANTE|
4323640|IDEAGEN|
4323650|WHIPTAIL|
4362578|SEINE|
4370401|MyStid|
4393722|Shogun Bros|
4401543|RETROSPECT|
4409348|SEALS CONSIGNMENT|
4409370|Bree Lighting|
4417136|Scan|
4455982|Thomson Lighting|
4455990|Linsar|
4463763|NEMESIS|
4471588|INSPIRATION WORKS|
4471718|INTEGRA|
4572941|POC|
4572945|LIEF!|
4572948|ELEMENT|
4572951|TITANFALL|
4596303|EXERTIS|
4596314|SPIRAL|
4604112|ITRAVEL|
4611938|AXPRO Technology|
4635386|U-Touch|
4658920|Displaylite Ltd|
4666745|NOTTINGHAM SPECIALS|
4674563|NQ MOBILE US CONSIGNMENT|
4682380|GLOBAL MOBILE COMMUNICATIONS|
4769409|KENTUCKY|
4769412|INBAY|
4777158|OMNIVORE|
4816359|MR POTATO HEAD|
4816476|APart-Audio|
4824415|JMR|
4840117|Viakal|
4848097|2K|
4848261|FREEFLOW|
4848381|TRANSFORMERS|
4848426|Variosystems Inc|
4848563|POWERA|
4848739|DC COMICS|
4864624|Pebble|
4864634|BRAND MANAGEMENT GROUP|
4872360|APC/OEM|
4872361|REPLAY|
4872364|Ironkey|
4904212|Lorex|
4904556|BMC|
4907079|X-ONE|
4910321|Guillemot|
4910910|VCOM|
4911307|M|
4911680|APROTECH|
4911778|LINDE|
4911891|PHYBRIDGE|
4911929|tado|
4912004|DOUBLE TAKE|
4912006|PASCO|
4912052|OPTOMA B2B AND INSTALLATION PROJ|
4958715|SPACE INVADERS|
5005514|Non Stocked Products|
5005520|Exagrid|
5005525|Nimble Storage|
5005529|NETC|
5005530|Qstar|
5005532|Total Defense|
5013322|IWALK|
5021169|Saft|
5029003|STRATASYS|
5068868|Leap Motion|
5130534|OTONE Audio|
5138225|F|
5153603|AZLAN|
5153604|EURO COMMUNICATIONS DISTRIBUTION|
5168950|SESAME STREET|
5168961|PLANTS VS. ZOMBIES|
5192103|STAR TREK|
5192106|XIO|
5192110|AORUS|
5192113|Leader Optec|
5192122|UCI2I|
5192145|ALLOCACOC|
5192160|SOUTH PARK|
5207677|Busby Options|
5207689|BRILLO|
5249685|DEAD ISLAND|
5249693|DISHONORED|
5249718|FALLOUT|
5249776|DIAMOND LAMPS|http://images.stockinthechannel.com/pic/PE5ItsQ6TkCZreQH-EdP1A.c-t.jpg
5249819|GE|http://images.stockinthechannel.com/pic/KRfiz1a8sUml-qTjY2KjOg.c-t.jpg
5249827|GUINNESS|
5249934|Kguard|
5250543|THE EVIL WITHIN|
5250561|ULTRALIFE|
5250569|U-Reach|
5269443|AZURI|
5269475|Venture|
5269476|VOIAMO|
5269716|LANCOPE|
5269734|Tely Labs INC|
5277631|I-ONIK|
5277636|MYKRONOZ|
5285462|RADIUS BY ORCHID|
5301135|CUSTOM|
5301145|SpacePole|
5318198|MICROVIEW|
5318287|OPTIPOINT|
5327709|HyperX|
5336489|Crucial / Lexar|
5352338|CommVault|
5360337|SNOW WHITE|
5368337|BP KRUSELL|
5384452|APPROX|
5392524|NONIN MEDICAL|
5392538|Datarch|
5408702|E|
5416810|Eurocom|
5416811|Gscreen|
5424899|Frislev|
5424902|LUIDIA|
5424905|TURTLEBEACH|
5465333|Galax|
5465342|Netis System|
5473434|DESTINY|
5473441|STRATA PRODUCTS LTD|
5481554|DEEPER|
5481564|VISION DIM|
5489651|Channel Master|
5489670|TestLab|
5489683|Sachtler Ace|
5489685|StarTec.com|
5497770|GOOEY|
5497800|Cord Cruncher|
5522101|TOTAL SECURITY|
5546416|GAMESTICK|
5546424|SECULOCK|
5546428|Fighter Collection|
5546456|PRIMA GAMES|
5546533|FUNBOX MEDIA|
5554668|ACS|
5595341|ANTALIS DOC SUPPLIES (UK) LTD|
5659618|Greatlink|
5659665|Bicker Netzteile|
5659671|Celectronic|
5659710|Pegatron|
5659716|REPLACED|
5659735|Avance|
5659769|ID11 GmbH|
5659806|Avance Geh√§use|
5659897|Suse|
5668034|GOALLTV|
5684279|Yota|
5700566|HP/OEM|
5700594|Simple Technology|
5708762|MONEUAL|
5716927|COMMUNISIS PRINT MANAGEMENT|
5724644|AKiTiO|
5724734|PSA Parts|
5725099|HOLMES PRODUCTS (EUROPE) LTD|
5725121|FORE!|
5725129|Alphatronics|
5749558|LYRECO|
5749559|MFX|
5749561|NiceLabel|
5757707|HP printers/consumables|
5774031|TEENAGE MUTANT NINJA TURTLES (TMNT)|
5774068|MARVEL COMICS SPIDER-MAN|
5774070|OZONE GAMING GEAR|
5774108|d.light|
5774143|JACK DANIEL'S|
5798566|Native Sound|
5834654|VOXX|
5836054|DC COMICS BATMAN|
5861457|VALUELINE|
5861464|MOTO-SCAN|
5878007|DEFLECTO LTD|
5878014|Tillex|
5878038|SUNNY-TECH|
5878046|VOW Europe|
5878048|cardPresso|
5878049|COMPUDAL|
5886296|Backshop|http://images.stockinthechannel.com/pic/23cL7x7SkESS-Xn0RrMirA.c-t.jpg
5903002|A ONE DISTRIBUTION|
5911385|CAPCOM STREET FIGHTER|
5911568|Orchid|
5911570|ZENSORIUM|
5911578|LUCECO|
5911872|Liebert|
5920338|BLACKPHONE|
5920376|ZYNSTRA|
5920408|MEDIANT|
5920414|MULTIFORM|
5945627|LAVETTE|
5945635|Publication|
5979261|ZAVIO|
5987694|Exertis UK Ltd|
6021808|Warner Bros|
6056066|LANDING ZONE|
6056073|MYMAGA|
6056076|ENDURO|
6064648|StorTrec|
6064653|Martian|
6073218|StepOver|
6073244|MICROFIX|
6073255|TEATIME|
6098956|Newro|
6116125|ACCO-UK|
6159065|E-BLUE|
6159071|GRAFENTHAL|
6202220|YEZZ|
6219492|DÔøΩrr|
6219503|Delkin Devices|
6219556|DCCSystem|
6228222|Cabling4Less|
6254088|PLUS FABRI|
6288616|MAGNESE|
6288625|NCE Europe|
6306000|FAIRLINE|
6306007|COMPACTA|
6340448|FLIX|
6349067|Research|
6349069|Sager|
6349071|Innolux|
6349072|Portable|
6349074|Turbox|
6349077|Novatech|
6349080|Valkyrie|
6349081|Prostar|
6349082|Mecer|
6349085|Kohjinsha|
6349086|Mpc|
6349088|Hyperdata|
6349089|Logiq|
6349091|Proline|
6349092|Targa|
6349093|Roverbook|
6349097|Rock|
6349098|Opima|
6349099|Iitautec|
6349100|Qual|
6349101|Motrorola|
6349102|Viliv|
6349103|Zepto|
6349108|Unipac|
6349110|Sagar|
6349111|Mouse|
6349113|Id|
6349114|Stone|
6349115|Iqon|
6349116|Idtech|
6349119|Supersonic|
6349120|Toppoly|
6349121|Iridium|
6349122|Kd101n1|
6349125|Itautec|
6349126|Lucom|
6357732|CMO / CHI MEI|
6357738|HENRY|
6357740|IACQ|
6366376|ENVIROLITE|
6374988|SALICRU|
6375007|Video Corporation Ltd (IC-STLG|
6400873|PRINTY|
6400878|Nero 12 Multi Language - Burning software OEM|
6409545|CAR100|
6427411|SOLUCAPS|
6436098|Uniphone|
6436121|BIT TITAN|
6444803|ANOVO|
6471432|MICLICSPLA|
6471500|Quanta Computer Inc.|
6471801|Biwin Technologie|
6480611|CISCO/OEM|
6499869|Psion Teklogix|
6506978|Global CachÔøΩ|
6533196|ECONOMY|
6533211|Wiktors|
6542004|XCCESS|
6550807|HUPPAGE|
6559660|ACTO|
6559678|"Canon ""DCCSystem"" CA-1"|
6559688|VOLTAIRE|
6559732|Nikon DCCSystem NI-1|
6559733|CMATE|
